,agent1,agent2
0,-1.98933454651319,1.1247894989926803
1,-3.95430403709875,-2.240167275894181
2,-3.861244619754941,1.107957592807653
3,-1.075291472056388,0.9750004156579544
4,-3.06066001321829,0.1656999163115529
5,-1.9005533966170325,-1.937066531431432
6,-3.69165585314244,0.4913851074034326
7,-2.3372334723837254,-2.632195194040545
