{"agent1": [-24.27297277238155, -9.163463561157673, -23.929344320656504, -15.990532237459286, 1.6781927436474178, -6.177006232570086, -9.649399485154895, 29.9412764801623], "agent2": [-21.209276622029, -20.93747638984245, -24.456546075477583, -23.53827915503461, 25.370509117182564, 1.6770022533221765, -23.255051386263254, -19.49138359923964]}