{"agent1": [-7.0, -14.0, -8.0, -6.0, -9.0, -12.0, -11.0, -11.0], "agent2": [-27.93268938242002, -31.788578021771883, -28.833744232400868, -30.18936970833853, -30.742747119193147, -33.19055344182124, -32.81805859724188, -28.519338293269342]}