{"agent1": [-171.89772504513607, -172.26927238949952, -208.6648698606616, -182.5002511925639, -168.68685400392377, -161.7909247538499, -168.53903192947337, -170.32241477942105, -165.35809475551704, -187.38389381037445, -173.62063735932077, -183.79894014109323, -189.70923450620216, -164.02379920782784, -199.8521181760021, -161.923220335215, -186.76097852959214, -177.29107258004476, -186.86559416036033, -185.33915456875872, -168.71065413590983, -172.41776609910178, -172.093587731608, -159.2500412035426, -157.18479409986924, -178.6516333718265, -180.24053267119626, -196.8562521630487, -169.3654704841878, -164.8138950948133, -189.50639049918368, -183.80906047739387, -170.535606691005, -181.96844034182192, -176.901618910136, -173.40651112033248, -167.11082526987212, -170.43499153118174, -187.65237097827998, -168.17010508334542, -192.50119442616034, -147.38567329520885, -165.486457942334, -170.7557993912883, -183.76582792956088, -167.3185138590551, -155.93678053664667, -158.26290950639157, -170.76175903468527, -180.6538623436506, -177.50437621673598, -155.2603762777306, -184.4330037628499, -178.81280797357164, -169.2182903637185, -173.28360036924812, -175.30566683883998, -175.14486038753978, -174.58732526195263, -176.65166396704927, -187.18800454011063, -193.02823668413546, -172.79419525748222, -176.4453796434645], "agent2": [-50.62520754699893, -35.463751921234014, -41.421776722203305, -48.30499574589796, -57.67220870418278, -53.3337149029973, -49.65674472689753, -49.36766363074299, -53.83184390445908, -41.70687653940882, -44.83313213142814, -37.46658424591277, -45.88201800528777, -44.762063747531386, -41.16839328715306, -55.88929594146603, -50.7585883694091, -37.66708463905383, -50.21277214386254, -47.422202652508474, -48.176807055483394, -47.587201036431296, -46.037343020886084, -48.80502733327003, -37.79147600191267, -42.83845945581348, -52.46773429466049, -41.059639122846015, -57.87135785434002, -48.08151395548508, -54.29293105431131, -47.33385462828322, -44.40888000897138, -41.86165712086543, -58.62610685404414, -44.28478445833606, -39.533807588989056, -48.539297423202285, -51.98137172582623, -50.656100191911634, -42.52551195796503, -37.429141674807724, -49.46723541697587, -48.75262068360493, -53.55044905910008, -41.35901654136215, -48.77145345535575, -51.56088309543733, -38.61709540728759, -44.2514354698884, -41.861067103293465, -49.273137770581656, -49.45296695394128, -47.70849770087767, -57.87550188459251, -54.804436524298595, -44.74117987761082, -52.0003772988085, -58.69560286234366, -45.74173812002499, -33.190902504963965, -41.362862873345584, -31.376401452217852, -42.41395443277119]}