{"agent1": [-69.92558154062608, -64.90994109090735, -68.9189989353169, -63.90689649808845, -65.9154527955562, -64.91108790928996, -60.9109274604197, -66.91137110619741], "agent2": [-150.90544651832715, -132.8616091310468, -126.83661428055844, -135.85251701321098, -142.87578580299135, -140.86467220921998, -131.83247587004598, -133.83225709310568]}