{"agent1": [-664.8450484943742, -629.8207951277745, -667.8342544363215, -631.8354116254884, -636.8315327866881, -621.8220414277546, -639.8246592085299, -650.8332926155067], "agent2": [-237.66792812448932, -237.63897807701312, -235.74505510760054, -208.6434268531832, -233.65607381640677, -175.51775504528425, -194.6957040791533, -232.7008120958146]}