{"agent1": [-414.93647691835565, -387.92944312361436, -393.9262467913625, -384.9278640620379, -407.9332436185545, -395.9475821147196, -437.9282445681353, -384.9328833654549], "agent2": [-603.6849048469492, -563.7371637856376, -560.6538815733468, -578.7451666907468, -591.6585689742355, -589.658515826083, -559.712163603009, -571.6902770882236]}