{"agent1": [-105.1685984181928, -111.68698536659755, -128.18042636042424, -110.16372647893627, -111.06244827697098, -96.83013509022773, -105.59912582051095, -110.83983593968566, -99.57945264907039, -106.601447008267], "agent2": [-90.70281968500163, -68.82947568837352, -66.67734814923453, -74.51478252480248, -69.61566885775018, -69.3979873882568, -51.45812550310405, -69.62174584454908, -73.61669274339691, -82.99792300134266]}