{"agent1": [-167.70398162291923, -182.58331851273897, -182.74715846603442, -202.36018006866658, -152.75847471713655, -169.84290466011612, -193.79863518578406, -189.8668046296853, -170.8149495751377, -182.85435347077092], "agent2": [-755.7754261354883, -752.7861076569056, -772.8147065179289, -773.776349119649, -767.7927105364557, -764.7723957869099, -757.7774788723023, -776.7847375554979, -754.776202662254, -752.784970552083]}