,agent1,agent2
0,-749.47687,-806.2355
1,-751.34564,-803.6041
2,-752.71765,-804.97614
3,-752.56366,-806.6641
4,-754.5554,-806.2723
5,-751.395,-807.0742
6,-754.163,-810.6034
7,-753.3498,-804.3657
