{"agent1": [-19.0, -12.0, -21.0, -16.0, -14.0, -21.0, -11.0, -16.0], "agent2": [183.06309855747082, 253.01171084396486, 204.30441579354425, 199.57172376057235, 115.28941390388741, 185.42029364945222, 152.15628420402905, 214.7922380300316]}