{"agent1": [-124.86404211725016, -123.41941098190554, -115.27014802277596, -112.90710608470079, -112.815909417277, -115.98360913660653, -111.13271476841213, -125.48862785118192], "agent2": [-118.84369059759177, -119.0, -107.66704301246946, -106.0, -98.17443941220378, -112.0, -112.0, -114.0]}