{"agent1": [-24.956822366614638, -18.568445502189476, -20.67411254965717, -24.826952843461452, -26.0, -29.0, -24.850706503357323, -23.917414667719292], "agent2": [-35.82224144365077, -33.65977475818562, -30.401172317241354, -33.269422760095885, -32.46987786578616, -36.478443346766085, -35.20056929837327, -32.48366906110695]}