{"agent1": [-23.538508268351027, -10.228407833189857, -30.531669256784518, 14.115463293330752, -30.24894348746716, -29.436487764916997, -27.67934448123099, -25.681255508845226], "agent2": [11.068226213256397, 27.68318434270865, 1.3212919553134777, 37.439858978997364, 197.86848084360344, -9.290139040024496, 244.2723004243681, -6.935301979487109]}