{"agent1": [-9.0, -11.0, -8.0, -9.0, -4.0, -10.0, -8.0, -10.0], "agent2": [3.5244203283268414, 6.138783792829753, -9.153960182540393, 7.8868294752312424, -2.53234850890713, 1.5051707338459677, 2.2363274634479646, 16.841299950541295]}