{"agent1": [-612.8726893706538, -623.8938037191667, -610.885770619346, -615.9032274941209, -616.9162275766594, -604.8750334769561, -644.9242470849583, -624.9112797144185], "agent2": [-836.8835196831769, -829.899092010206, -839.9070856761443, -819.8781889391923, -825.8894006403293, -822.8713828128067, -847.9022728545146, -841.8969143515927]}