{"agent1": [-348.7398768853691, -333.73124516104156, -332.71796387260997, -321.9558007538051, -359.7459431962667, -317.7887576649666, -352.711869988572, -360.6957853690165, -336.68278805106036, -326.755496601136], "agent2": [-732.716725314855, -741.7500832362701, -711.7149179857745, -740.7389085770202, -736.7427706196067, -743.7458238189122, -724.7283408588105, -702.7202642492589, -708.7019012865944, -716.7421592692194]}