{"agent1": [-591.6127475794533, -554.5424283562268, -573.5770883903774, -567.5261227443171, -600.6203202782963, -577.570859313299, -567.4487709927482, -580.3970221591127, -559.5091910249354, -568.5221969989236], "agent2": [-422.74777502760116, -444.59136945716614, -392.11103325546685, -446.6621129480953, -445.772006966633, -430.69772705564935, -416.6008194245213, -415.56905223773003, -390.4307811630903, -434.0421662347235]}