{"agent1": [-638.9662546887444, -645.974563200704, -651.9714347900876, -658.9785083050697, -650.9653125377065, -669.9745076274626, -647.9706550816628, -655.9748437706263], "agent2": [-743.8937871227268, -719.860291845014, -735.8894437602435, -749.8689849535227, -716.8998095033494, -744.8744569423853, -707.8641160982522, -712.8743934438417]}