{"agent1": [-483.766308186935, -480.7155295031073, -486.72125139841506, -484.6772356424545, -472.6935799247303, -516.7132747852668, -510.76453725982805, -495.7279317438049], "agent2": [-769.8269548270532, -755.8497134124084, -759.7851227993779, -752.8248125078309, -745.8234783564111, -745.8013252078803, -765.8501981904374, -740.7551008168818]}