{"agent1": [-0.13655711418091943, -7.720020868811787, 8.740718326533848, -3.4792236325896435, 42.133539675783126, 88.3946661988669, 4.4362659835033895, -5.742029799036553], "agent2": [-13.523620299263774, -17.639785384435722, -8.832361797943147, -15.221150705200959, 38.224375115100095, -7.806168648028364, -2.8051213670184922, 9.461748367879245]}