{"agent1": [1.3619071804822909, 19.511775158951465, -2.5883748485954534, 12.877529765045871, 13.706849920516186, -1.1106395680620342, 17.35344324243721, -5.9801242084581965], "agent2": [-24.87182891195584, -27.974243328582073, -32.220888936924105, -30.171232748295473, -26.800205943383602, -21.04604905279858, -25.170917913681897, -32.40617864731108]}