{"agent1": [-69.0, -67.0, -68.0, -70.0, -71.0, -71.0, -70.0, -67.0, -72.0, -70.0, -70.0, -70.0, -70.0, -70.0, -70.0, -70.0, -69.0, -69.0, -68.0, -69.0, -67.0, -69.0, -70.0, -68.0, -70.0, -69.0, -70.0, -69.0, -69.0, -68.0, -69.0, -69.0, -69.0, -70.0, -70.99999999999999, -70.0, -70.0, -69.0, -69.0, -70.0], "agent2": [-63.55439355625339, -63.616561014714065, -62.215772419069296, -62.42188921548784, -62.641668171226286, -63.34751314822233, -62.57392311009932, -62.16887504873615, -65.14603760739507, -62.52950164930482, -62.54580172686438, -62.10894112697173, -61.01300784098592, -61.089416545763335, -61.1601347226194, -61.13256796941205, -62.06180164189357, -64.8045620748361, -63.36932405028908, -61.13573059189437, -62.06469669699868, -62.45727174754795, -62.49806668236262, -61.1037645019417, -62.44632814675905, -61.082491588493326, -62.298356587068696, -62.02800429223011, -62.74501822372883, -62.22039026610487, -62.365565818227005, -63.59520017187867, -63.54375534026698, -62.50064525917614, -62.443017677732925, -62.40405882654244, -62.47777702326755, -61.19191348744063, -62.251706818460534, -61.056044429899316]}