{"agent1": [-69.0, -67.0, -68.0, -70.0, -71.0, -71.0, -70.0, -67.0], "agent2": [-63.55439355625339, -63.616561014714065, -62.215772419069296, -62.42188921548784, -62.641668171226286, -63.34751314822233, -62.57392311009932, -62.16887504873615]}