{"agent1": [-69.0, -67.0, -68.0, -70.0, -71.0, -71.0, -70.0, -67.0, -72.0, -70.0, -70.0, -70.0, -70.0, -70.0, -70.0, -70.0], "agent2": [-63.55439355625339, -63.616561014714065, -62.215772419069296, -62.42188921548784, -62.641668171226286, -63.34751314822233, -62.57392311009932, -62.16887504873615, -65.14603760739507, -62.52950164930482, -62.54580172686438, -62.10894112697173, -61.01300784098592, -61.089416545763335, -61.1601347226194, -61.13256796941205]}