{"agent1": [27.07737012168857, 29.83924553865869, 31.003669295131516, 27.72441900559801, 28.641678905255752, 28.298588285863268, 28.679669643881148, 29.41205499076804], "agent2": [30.979815176645182, 29.305407448886065, 28.05019834756547, 31.461443769068246, 30.403166061345907, 29.717170626777328, 29.33242081845746, 29.702201021344315]}