{"agent1": [30.69450674603837, 29.224588383311882, 29.780653522752125, 29.199804987173955, 27.188686414951427, 28.57962008447844, 28.542893959852346, 29.674108692671517], "agent2": [28.342265870045466, 29.833712701989256, 29.208334705426374, 30.129839526340014, 30.84993377365212, 30.459454633711154, 30.644559478365824, 29.287883850729877]}