{"agent1": [-19.0, -18.0, -20.0, -15.0, -20.0, -24.0, -12.0, -16.0], "agent2": [-36.75609441167069, -38.84449596310226, -33.95925278156609, -34.51287274594689, -30.681302910237758, -34.87226599986904, -36.49766252733952, -37.0]}