,agent1,agent2
0,1.5059712,10.997977
1,1.6351789,9.980856
