,agent1,agent2
0,-234.7789,-225.14122
1,-234.5773,-223.92868
2,-235.32552,-225.14067
3,-234.25092,-224.61906
