{"agent1": [124.23369128730816, -15.691253472431416, 20.62240978462359, 33.49655575150028, 66.15795274718474, 16.618125227797698, -2.4033347781816214, 15.32260741973315], "agent2": [-18.980102837091508, -25.29226978750634, -30.025176189544943, -23.62646142495859, -26.328014721589994, -17.565542860910767, -22.66027147954843, -26.78034742656275]}