{"agent1": [-902.0, -942.0, -908.0, -937.0, -912.0, -923.9161361322098, -912.0, -901.0], "agent2": [-899.9159785683785, -941.8743397189257, -907.0, -935.0, -912.0, -923.980422346641, -909.9178709789082, -900.0]}