{"agent1": [25.80053501463843, 85.07962376343713, -4.156291707803103, 50.632189266513535, 90.18071762808239, 45.370632847637644, 95.86178259269442, 76.94459376684196], "agent2": [11.967166776888703, 105.53700808519199, -9.320788369899072, 14.809069541544437, 33.48285672155573, 80.27226273260501, 31.450468953007253, 37.93007400129883]}