{"agent1": [178.23060607688305, -0.779407297730377, 2.113985257148634, 17.58486649270809, -6.791734177417146, 69.94016416174918, -12.608323685886578, -19.800585854106913], "agent2": [-5.657858561784808, 154.19460261082023, 230.22653513274963, 123.8838931688842, 285.6979588021018, 40.376508906608194, 200.7640839113052, 164.86178907643932]}