{"agent1": [-492.17102309023477, -509.1819445083428, -486.1922781280178, -462.12108030835384, -492.18592429607077, -494.12584098565964, -492.18010949570555, -489.18064451425374], "agent2": [-732.000829466914, -736.5592202022274, -735.5356115992869, -740.0038313955642, -735.9157009488084, -733.9012559125591, -739.9697083752624, -744.9120369572898]}