{"agent1": [-547.8136747676672, -542.8583149842304, -560.9214923006283, -553.8871006649284, -538.8463567667206, -553.8504622430117, -551.8188557129645, -566.9153143993132], "agent2": [-429.7693558750432, -412.8457862969626, -416.7920470703565, -433.8159292941723, -419.9227002136909, -418.8454960057631, -443.8609135678435, -415.807618599236]}