,agent1,agent2
0,0.4331214,6.7419453
1,0.40000892,6.6979036
2,0.69960225,6.1662474
3,0.35573566,8.95947
4,0.42368352,6.942956
5,0.24550623,7.4800363
6,0.49779153,7.8821244
7,0.6169982,6.5481844
