{"agent1": [-528.2011058812878, -537.5457933299955, -501.676757438193, -513.5473182779566, -513.7365987216117, -515.522816846541, -504.69032194626254, -532.4186187268544, -544.6972798478598, -509.5544148520003], "agent2": [-181.89851808228732, -170.99677169789703, -171.26402094134468, -177.29817060082323, -203.04234317353175, -181.99515740873113, -184.99649247293377, -223.9743296670849, -178.12667989523501, -174.3310841860593]}