{"agent1": [-731.9097232465509, -761.9446351363342, -747.8653914557349, -746.9128595610268, -746.9282910234666, -718.8695194957913, -730.9040430684043, -731.9317562509989, -756.9486194912329, -741.8663295212605, -720.839047937829, -761.9237779725709, -766.9343558781613, -735.9295202865796, -765.8286128379843, -763.9353945146892, -756.9394160618183, -769.8247085997009, -762.9440940150051, -756.892526040072, -745.9248279781248, -738.9367329896421, -718.8472613940032, -737.9422908336486, -767.9537502535602, -752.9371344418486, -746.936374166764, -736.8930061567391, -720.9273534591293, -751.9400655125262, -747.9232471479393, -734.8811546839154, -736.9398957472338, -767.9496072981098, -728.9235293128128, -732.9301063949856, -754.9313415854647, -752.8228056375888, -729.8283394218581, -746.8288943331099, -731.942623421195, -757.9332079800549, -771.9359105378759, -758.9157761460967, -744.9306168661942, -768.9522832961461, -763.8517524624353, -761.9441490744541], "agent2": [-578.6657257541442, -594.7621332841029, -602.7657567871402, -560.7603494686589, -579.7390756137183, -577.6858535832546, -611.7595266490703, -574.7437456600983, -585.7734129045202, -596.7377447144794, -587.7334729413371, -562.7413619825637, -580.7486189709032, -577.6846309682026, -578.6510848850974, -572.7738836580274, -593.7661207274638, -556.7408239252275, -563.7443472043587, -566.7046861716692, -551.732440201523, -600.7447014920638, -543.7267232918853, -576.7685605139109, -609.7695976714208, -574.7392867279486, -577.7475242856756, -559.6943112188192, -586.6282126241204, -580.6961396257989, -582.7565467674635, -604.7479612127238, -601.7560225549078, -598.7707550927485, -580.7112534085857, -611.7133266865703, -591.7688796842776, -572.7691288873007, -570.7450959648907, -555.7619013154049, -590.7701712214684, -575.7556220158591, -582.8025749166568, -563.7097045944638, -584.7484285230344, -606.7957610935722, -598.7975962772784, -577.7474665917252]}