{"agent1": [-907.0, -915.0, -910.0, -926.40836220455, -930.0, -913.0, -929.4841654488865, -913.0], "agent2": [-911.0, -920.0, -912.0, -930.0, -932.0, -919.0, -934.0, -913.0]}