{"agent1": [-20.0, -17.472914047102662, -23.0, -24.0, -21.0, -16.7719623509438, -24.0, -17.0], "agent2": [-20.689371171967156, 12.192273013547956, -18.39202590993655, -19.305377103286915, -26.126472501107006, -5.981443771091014, -24.12461092636226, 3.100862938602271]}